{"version": "1", "message": "ERROR: Hidden Testcases server unreachable.", "problem_id": "ads2_m4_a1_1", "user_id": "viswasvarmasatya", "score": {"sample": {"0": {"execution_time": 0.3881087303161621, "passed": true}, "1": {"execution_time": 0.35271668434143066, "passed": false}, "2": {"execution_time": 0.4176900386810303, "passed": false}, "3": {"execution_time": 0.45821404457092285, "passed": false}, "4": {"execution_time": 0.33223772048950195, "passed": false}, "5": {"execution_time": 0.5155282020568848, "passed": false}, "6": {"execution_time": 0.3554534912109375, "passed": false}, "7": {"execution_time": 0.32914113998413086, "passed": false}, "8": {"execution_time": 0.3391916751861572, "passed": true}, "9": {"execution_time": 0.26460742950439453, "passed": true}, "10": {"execution_time": 0.28377604484558105, "passed": true}, "11": {"execution_time": 0.32416582107543945, "passed": false}, "12": {"execution_time": 0.3480355739593506, "passed": false}, "13": {"execution_time": 1.9460952281951904, "passed": false}, "14": {"execution_time": 0.2937459945678711, "passed": true}}}, "check_style_score": "0/1"}