{"version": "1", "message": "ERROR: Hidden Testcases server unreachable.", "problem_id": "ads2_m4_a1_1", "user_id": "viswasvarmasatya", "score": {"sample": {"0": {"execution_time": 0.34269142150878906, "passed": true}, "1": {"execution_time": 0.30791711807250977, "passed": false}, "2": {"execution_time": 0.3533484935760498, "passed": false}, "3": {"execution_time": 0.36540961265563965, "passed": false}, "4": {"execution_time": 0.2734408378601074, "passed": false}, "5": {"execution_time": 0.27044177055358887, "passed": false}, "6": {"execution_time": 0.272493839263916, "passed": false}, "7": {"execution_time": 0.29010438919067383, "passed": false}, "8": {"execution_time": 0.3341996669769287, "passed": true}, "9": {"execution_time": 0.28216052055358887, "passed": true}, "10": {"execution_time": 0.27855730056762695, "passed": true}, "11": {"execution_time": 0.2841145992279053, "passed": true}, "12": {"execution_time": 0.2822000980377197, "passed": true}, "13": {"execution_time": 1.2025327682495117, "passed": false}, "14": {"execution_time": 0.276303768157959, "passed": true}}}, "check_style_score": "0/1"}