{"version": "1", "message": "ERROR: Hidden Testcases server unreachable.", "problem_id": "ads2_m4_a1_1", "user_id": "viswasvarmasatya", "score": {"sample": {"0": {"execution_time": 0.3879067897796631, "passed": true}, "1": {"execution_time": 0.30408382415771484, "passed": false}, "2": {"execution_time": 0.3471817970275879, "passed": false}, "3": {"execution_time": 0.46735429763793945, "passed": false}, "4": {"execution_time": 0.2636079788208008, "passed": false}, "5": {"execution_time": 0.2792320251464844, "passed": false}, "6": {"execution_time": 0.27250099182128906, "passed": false}, "7": {"execution_time": 0.27147674560546875, "passed": false}, "8": {"execution_time": 0.32920384407043457, "passed": true}, "9": {"execution_time": 0.2727203369140625, "passed": true}, "10": {"execution_time": 0.2588310241699219, "passed": true}, "11": {"execution_time": 0.2852151393890381, "passed": true}, "12": {"execution_time": 0.3761014938354492, "passed": true}, "13": {"execution_time": 1.1914794445037842, "passed": false}, "14": {"execution_time": 0.2785298824310303, "passed": true}}}, "check_style_score": "0/1"}