{"version": "1", "message": "ERROR: Hidden Testcases server unreachable.", "problem_id": "ads2_m4_a1_1", "user_id": "viswasvarmasatya", "score": {"sample": {"0": {"execution_time": 0.37228965759277344, "passed": true}, "1": {"execution_time": 0.3059041500091553, "passed": false}, "2": {"execution_time": 0.34370851516723633, "passed": false}, "3": {"execution_time": 0.34514641761779785, "passed": false}, "4": {"execution_time": 0.28908562660217285, "passed": false}, "5": {"execution_time": 0.28704237937927246, "passed": false}, "6": {"execution_time": 0.27760791778564453, "passed": false}, "7": {"execution_time": 0.27678632736206055, "passed": false}, "8": {"execution_time": 0.32442617416381836, "passed": true}, "9": {"execution_time": 0.2782905101776123, "passed": true}, "10": {"execution_time": 0.28704214096069336, "passed": true}, "11": {"execution_time": 0.28026461601257324, "passed": false}, "12": {"execution_time": 0.29094696044921875, "passed": false}, "13": {"execution_time": 1.2148463726043701, "passed": false}, "14": {"execution_time": 0.28030943870544434, "passed": true}}}, "check_style_score": "0/1"}