{"version": "1", "message": "ERROR: Hidden Testcases server unreachable.", "problem_id": "ads2_m4_a1_1", "user_id": "viswasvarmasatya", "score": {"sample": {"0": {"execution_time": 0.3370976448059082, "passed": true}, "1": {"execution_time": 0.29692673683166504, "passed": false}, "2": {"execution_time": 0.5970191955566406, "passed": false}, "3": {"execution_time": 0.35630059242248535, "passed": false}, "4": {"execution_time": 0.2792952060699463, "passed": false}, "5": {"execution_time": 0.2913351058959961, "passed": false}, "6": {"execution_time": 0.2879316806793213, "passed": false}, "7": {"execution_time": 0.27332234382629395, "passed": false}, "8": {"execution_time": 0.3226478099822998, "passed": true}, "9": {"execution_time": 0.3358590602874756, "passed": false}, "10": {"execution_time": 0.33710193634033203, "passed": false}, "11": {"execution_time": 0.2792329788208008, "passed": false}, "12": {"execution_time": 0.28508925437927246, "passed": false}, "13": {"execution_time": 1.2285137176513672, "passed": false}, "14": {"execution_time": 0.2772789001464844, "passed": true}}}, "check_style_score": "0/1"}