{"version": "1", "message": "ERROR: Hidden Testcases server unreachable.", "problem_id": "ads2_m4_a1_1", "user_id": "viswasvarmasatya", "score": {"sample": {"0": {"execution_time": 0.35148048400878906, "passed": false}, "1": {"execution_time": 0.34491944313049316, "passed": false}, "2": {"execution_time": 0.4241209030151367, "passed": false}, "3": {"execution_time": 0.4629945755004883, "passed": false}, "4": {"execution_time": 0.3274569511413574, "passed": false}, "5": {"execution_time": 0.3163321018218994, "passed": false}, "6": {"execution_time": 0.3341948986053467, "passed": false}, "7": {"execution_time": 0.32630181312561035, "passed": false}, "8": {"execution_time": 0.33229589462280273, "passed": false}, "9": {"execution_time": 0.3258507251739502, "passed": false}, "10": {"execution_time": 0.3147087097167969, "passed": false}, "11": {"execution_time": 0.3351457118988037, "passed": false}, "12": {"execution_time": 0.31710362434387207, "passed": false}, "13": {"execution_time": 1.9022712707519531, "passed": false}, "14": {"execution_time": 0.32550501823425293, "passed": false}}}, "check_style_score": "0/1"}