{"version": "1", "message": "ERROR: Hidden Testcases server unreachable.", "problem_id": "ads2_m4_a1_1", "user_id": "viswasvarmasatya", "score": {"sample": {"0": {"execution_time": 0.44643282890319824, "passed": true}, "1": {"execution_time": 0.4024343490600586, "passed": false}, "2": {"execution_time": 0.4295480251312256, "passed": false}, "3": {"execution_time": 0.5369317531585693, "passed": false}, "4": {"execution_time": 0.3554508686065674, "passed": false}, "5": {"execution_time": 0.4754753112792969, "passed": false}, "6": {"execution_time": 0.3367338180541992, "passed": false}, "7": {"execution_time": 0.3666961193084717, "passed": false}, "8": {"execution_time": 0.40226078033447266, "passed": true}, "9": {"execution_time": 0.4002974033355713, "passed": true}, "10": {"execution_time": 0.4824230670928955, "passed": true}, "11": {"execution_time": 0.320237398147583, "passed": true}, "12": {"execution_time": 0.36026763916015625, "passed": true}, "13": {"execution_time": 1.6785719394683838, "passed": false}, "14": {"execution_time": 0.379744291305542, "passed": true}}}, "check_style_score": "0/1"}