{"version": "1", "message": "ERROR: Hidden Testcases server unreachable.", "problem_id": "ads2_m4_a1_1", "user_id": "viswasvarmasatya", "score": {"sample": {"0": {"execution_time": 0.7687838077545166, "passed": false}, "1": {"execution_time": 0.48886561393737793, "passed": false}, "2": {"execution_time": 0.4832894802093506, "passed": false}, "3": {"execution_time": 0.4908161163330078, "passed": false}, "4": {"execution_time": 0.35842299461364746, "passed": false}, "5": {"execution_time": 0.363861083984375, "passed": false}, "6": {"execution_time": 0.42750120162963867, "passed": false}, "7": {"execution_time": 0.32636523246765137, "passed": false}, "8": {"execution_time": 0.366945743560791, "passed": false}, "9": {"execution_time": 0.3419950008392334, "passed": false}, "10": {"execution_time": 0.371551513671875, "passed": false}, "11": {"execution_time": 0.3352792263031006, "passed": false}, "12": {"execution_time": 0.34111547470092773, "passed": false}, "13": {"execution_time": 2.7779741287231445, "passed": false}, "14": {"execution_time": 0.4347691535949707, "passed": false}}}, "check_style_score": "0/1"}