{"version": "1", "message": "ERROR: Hidden Testcases server unreachable.", "problem_id": "ads2_m4_a1_1", "user_id": "viswasvarmasatya", "score": {"sample": {"0": {"execution_time": 0.3537161350250244, "passed": true}, "1": {"execution_time": 0.30806827545166016, "passed": false}, "2": {"execution_time": 0.4813549518585205, "passed": false}, "3": {"execution_time": 0.36052656173706055, "passed": false}, "4": {"execution_time": 0.2723972797393799, "passed": false}, "5": {"execution_time": 0.27630066871643066, "passed": false}, "6": {"execution_time": 0.3436703681945801, "passed": false}, "7": {"execution_time": 0.2900395393371582, "passed": false}, "8": {"execution_time": 0.34034204483032227, "passed": true}, "9": {"execution_time": 0.3322155475616455, "passed": false}, "10": {"execution_time": 0.340069055557251, "passed": false}, "11": {"execution_time": 0.28020787239074707, "passed": false}, "12": {"execution_time": 0.3378109931945801, "passed": false}, "13": {"execution_time": 1.2472615242004395, "passed": false}, "14": {"execution_time": 0.2763040065765381, "passed": true}}}, "check_style_score": "0/1"}