{"version": "1", "message": "ERROR: Hidden Testcases server unreachable.", "problem_id": "ads2_m4_a1_1", "user_id": "viswasvarmasatya", "score": {"sample": {"0": {"execution_time": 0.38204360008239746, "passed": true}, "1": {"execution_time": 0.3332836627960205, "passed": false}, "2": {"execution_time": 0.36632370948791504, "passed": false}, "3": {"execution_time": 0.4057178497314453, "passed": false}, "4": {"execution_time": 0.28997325897216797, "passed": false}, "5": {"execution_time": 0.3068532943725586, "passed": false}, "6": {"execution_time": 0.3066365718841553, "passed": false}, "7": {"execution_time": 0.28026461601257324, "passed": false}, "8": {"execution_time": 0.32515692710876465, "passed": true}, "9": {"execution_time": 0.3167557716369629, "passed": false}, "10": {"execution_time": 0.39603161811828613, "passed": false}, "11": {"execution_time": 0.27342987060546875, "passed": false}, "12": {"execution_time": 0.274350643157959, "passed": false}, "13": {"execution_time": 1.259911060333252, "passed": false}, "14": {"execution_time": 0.2689375877380371, "passed": true}}}, "check_style_score": "0/1"}