{"version": "1", "message": "ERROR: Hidden Testcases server unreachable.", "problem_id": "ads2_m4_a1_1", "user_id": "viswasvarmasatya", "score": {"sample": {"0": {"execution_time": 0.35564517974853516, "passed": true}, "1": {"execution_time": 0.41031718254089355, "passed": false}, "2": {"execution_time": 0.33623552322387695, "passed": false}, "3": {"execution_time": 0.37296104431152344, "passed": false}, "4": {"execution_time": 0.3192598819732666, "passed": false}, "5": {"execution_time": 0.2831382751464844, "passed": false}, "6": {"execution_time": 0.29290127754211426, "passed": false}, "7": {"execution_time": 0.2822444438934326, "passed": false}, "8": {"execution_time": 0.3370780944824219, "passed": true}, "9": {"execution_time": 0.32837724685668945, "passed": false}, "10": {"execution_time": 0.3274667263031006, "passed": false}, "11": {"execution_time": 0.28033447265625, "passed": false}, "12": {"execution_time": 0.2930259704589844, "passed": false}, "13": {"execution_time": 1.21700119972229, "passed": false}, "14": {"execution_time": 0.44928550720214844, "passed": false}}}, "check_style_score": "0/1"}