{"version": "1", "message": "ERROR: Hidden Testcases server unreachable.", "problem_id": "ads2_m4_a1_1", "user_id": "viswasvarmasatya", "score": {"sample": {"0": {"execution_time": 0.4005622863769531, "passed": true}, "1": {"execution_time": 0.31346964836120605, "passed": false}, "2": {"execution_time": 0.34275126457214355, "passed": false}, "3": {"execution_time": 0.338123083114624, "passed": false}, "4": {"execution_time": 0.279247522354126, "passed": false}, "5": {"execution_time": 0.28216123580932617, "passed": false}, "6": {"execution_time": 0.27050137519836426, "passed": false}, "7": {"execution_time": 0.4189307689666748, "passed": false}, "8": {"execution_time": 0.33325767517089844, "passed": true}, "9": {"execution_time": 0.26758337020874023, "passed": true}, "10": {"execution_time": 0.2757542133331299, "passed": true}, "11": {"execution_time": 0.2890646457672119, "passed": false}, "12": {"execution_time": 0.28027939796447754, "passed": false}, "13": {"execution_time": 1.1642053127288818, "passed": false}, "14": {"execution_time": 0.2753944396972656, "passed": true}}}, "check_style_score": "0/1"}