{"version": "1", "message": "ERROR: Hidden Testcases server unreachable.", "problem_id": "ads2_m4_a1_1", "user_id": "viswasvarmasatya", "score": {"sample": {"0": {"execution_time": 0.3358592987060547, "passed": true}, "1": {"execution_time": 0.30878615379333496, "passed": false}, "2": {"execution_time": 0.3363063335418701, "passed": false}, "3": {"execution_time": 0.3453998565673828, "passed": false}, "4": {"execution_time": 0.2892897129058838, "passed": false}, "5": {"execution_time": 0.2821981906890869, "passed": false}, "6": {"execution_time": 0.46033143997192383, "passed": false}, "7": {"execution_time": 0.27539825439453125, "passed": false}, "8": {"execution_time": 0.3323092460632324, "passed": true}, "9": {"execution_time": 0.27718019485473633, "passed": true}, "10": {"execution_time": 0.26468443870544434, "passed": true}, "11": {"execution_time": 0.2734866142272949, "passed": true}, "12": {"execution_time": 0.27746009826660156, "passed": true}, "13": {"execution_time": 1.1855287551879883, "passed": false}, "14": {"execution_time": 0.2792325019836426, "passed": true}}}, "check_style_score": "0/1"}