{"version": "1", "message": "ERROR: Hidden Testcases server unreachable.", "problem_id": "ads2_m2_a1_1", "user_id": "viswasvarmasatya", "score": {"sample": {"0": {"execution_time": 0.2778635025024414, "passed": true}, "1": {"execution_time": 0.261873722076416, "passed": true}, "2": {"execution_time": 0.25985217094421387, "passed": true}, "3": {"execution_time": 0.256852388381958, "passed": true}, "4": {"execution_time": 0.23588991165161133, "passed": true}, "5": {"execution_time": 0.5750346183776855, "passed": true}, "6": {"execution_time": 0.23586487770080566, "passed": true}, "7": {"execution_time": 0.2668471336364746, "passed": true}, "8": {"execution_time": 0.2879030704498291, "passed": true}, "9": {"execution_time": 0.29183292388916016, "passed": true}, "10": {"execution_time": 0.2786684036254883, "passed": true}, "11": {"execution_time": 0.26185083389282227, "passed": true}, "12": {"execution_time": 0.27384352684020996, "passed": true}, "13": {"execution_time": 0.25385451316833496, "passed": true}, "14": {"execution_time": 0.28383779525756836, "passed": true}, "15": {"execution_time": 0.279879093170166, "passed": true}, "16": {"execution_time": 0.314115047454834, "passed": true}, "17": {"execution_time": 0.3358328342437744, "passed": true}, "18": {"execution_time": 0.3727860450744629, "passed": true}, "19": {"execution_time": 0.36978721618652344, "passed": true}, "20": {"execution_time": 0.4347512722015381, "passed": true}, "21": {"execution_time": 0.2888345718383789, "passed": true}, "22": {"execution_time": 0.5802350044250488, "passed": true}, "23": {"execution_time": 0.47173070907592773, "passed": true}}}, "check_style_score": "1/1"}