{"version": "1", "message": "ERROR: Hidden Testcases server unreachable.", "problem_id": "ads2_m2_a1_1", "user_id": "viswasvarmasatya", "score": {"sample": {"0": {"execution_time": 0.6624343395233154, "passed": false}, "1": {"execution_time": 0.24985790252685547, "passed": false}, "2": {"execution_time": 0.2820420265197754, "passed": false}, "3": {"execution_time": 0.2608511447906494, "passed": false}, "4": {"execution_time": 0.3740811347961426, "passed": false}, "5": {"execution_time": 0.3487401008605957, "passed": false}, "6": {"execution_time": 0.28508687019348145, "passed": false}, "7": {"execution_time": 0.2608311176300049, "passed": false}, "8": {"execution_time": 0.2988278865814209, "passed": false}, "9": {"execution_time": 0.2908332347869873, "passed": false}, "10": {"execution_time": 0.28994321823120117, "passed": false}, "11": {"execution_time": 0.2528550624847412, "passed": false}, "12": {"execution_time": 0.3441956043243408, "passed": false}, "13": {"execution_time": 0.24885869026184082, "passed": false}, "14": {"execution_time": 0.29083251953125, "passed": false}, "15": {"execution_time": 0.23686623573303223, "passed": false}, "16": {"execution_time": 0.2626509666442871, "passed": false}, "17": {"execution_time": 0.2848362922668457, "passed": false}, "18": {"execution_time": 0.2630033493041992, "passed": false}, "19": {"execution_time": 0.24295735359191895, "passed": false}, "20": {"execution_time": 0.2871367931365967, "passed": false}, "21": {"execution_time": 0.4358811378479004, "passed": false}, "22": {"execution_time": 0.2878711223602295, "passed": false}, "23": {"execution_time": 0.2888357639312744, "passed": false}}}, "check_style_score": "0/1"}