{"version": "1", "message": "ERROR: Hidden Testcases server unreachable.", "problem_id": "ads2_m2_a1_1", "user_id": "chinuteja", "score": {"sample": {"0": {"execution_time": 0.18842387199401855, "passed": true}, "1": {"execution_time": 0.16257166862487793, "passed": true}, "2": {"execution_time": 0.18565845489501953, "passed": true}, "3": {"execution_time": 0.17482757568359375, "passed": true}, "4": {"execution_time": 0.16277027130126953, "passed": true}, "5": {"execution_time": 0.18196892738342285, "passed": true}, "6": {"execution_time": 0.18421483039855957, "passed": true}, "7": {"execution_time": 0.1792888641357422, "passed": true}, "8": {"execution_time": 0.16805076599121094, "passed": true}, "9": {"execution_time": 0.1721363067626953, "passed": true}, "10": {"execution_time": 0.1618824005126953, "passed": true}, "11": {"execution_time": 0.16891169548034668, "passed": true}, "12": {"execution_time": 0.16558265686035156, "passed": true}, "13": {"execution_time": 0.1817302703857422, "passed": true}, "14": {"execution_time": 0.18773937225341797, "passed": true}, "15": {"execution_time": 0.20160794258117676, "passed": true}, "16": {"execution_time": 0.17199087142944336, "passed": true}, "17": {"execution_time": 0.22995805740356445, "passed": true}, "18": {"execution_time": 0.23453593254089355, "passed": true}, "19": {"execution_time": 0.24264287948608398, "passed": true}, "20": {"execution_time": 0.2205965518951416, "passed": true}, "21": {"execution_time": 0.19177031517028809, "passed": true}, "22": {"execution_time": 0.3617537021636963, "passed": true}, "23": {"execution_time": 0.34282660484313965, "passed": true}}}, "check_style_score": "1/1"}