{"version": "1", "message": "ERROR: Hidden Testcases server unreachable.", "problem_id": "ads2_m4_a1_1", "user_id": "viswasvarmasatya", "score": {"sample": {"0": {"execution_time": 0.41176366806030273, "passed": true}, "1": {"execution_time": 0.39177632331848145, "passed": true}, "2": {"execution_time": 0.4547402858734131, "passed": true}, "3": {"execution_time": 0.4607362747192383, "passed": true}, "4": {"execution_time": 0.3160109519958496, "passed": true}, "5": {"execution_time": 0.36179184913635254, "passed": true}, "6": {"execution_time": 0.4147818088531494, "passed": true}, "7": {"execution_time": 0.3787820339202881, "passed": true}, "8": {"execution_time": 0.3418538570404053, "passed": true}, "9": {"execution_time": 0.27463698387145996, "passed": true}, "10": {"execution_time": 0.26247167587280273, "passed": true}, "11": {"execution_time": 0.2728464603424072, "passed": true}, "12": {"execution_time": 0.2816755771636963, "passed": true}, "13": {"execution_time": 1.616098403930664, "passed": true}, "14": {"execution_time": 0.2598881721496582, "passed": true}}}, "check_style_score": "0/1"}