{"version": "1", "message": "ERROR: Hidden Testcases server unreachable.", "problem_id": "ads2_m4_a1_1", "user_id": "viswasvarmasatya", "score": {"sample": {"0": {"execution_time": 0.5434119701385498, "passed": true}, "1": {"execution_time": 0.32092714309692383, "passed": true}, "2": {"execution_time": 0.36292409896850586, "passed": true}, "3": {"execution_time": 0.39580512046813965, "passed": true}, "4": {"execution_time": 0.29865336418151855, "passed": true}, "5": {"execution_time": 0.30467867851257324, "passed": true}, "6": {"execution_time": 0.31617259979248047, "passed": true}, "7": {"execution_time": 0.31585192680358887, "passed": true}, "8": {"execution_time": 0.3109891414642334, "passed": true}, "9": {"execution_time": 0.269848108291626, "passed": true}, "10": {"execution_time": 0.27159571647644043, "passed": true}, "11": {"execution_time": 0.2796614170074463, "passed": true}, "12": {"execution_time": 0.260875940322876, "passed": true}, "13": {"execution_time": 1.6133549213409424, "passed": true}, "14": {"execution_time": 0.3689720630645752, "passed": true}}}, "check_style_score": "0/1"}