{"version": "1", "message": "ERROR: Hidden Testcases server unreachable.", "problem_id": "ads2_m4_a1_1", "user_id": "viswasvarmasatya", "score": {"sample": {"0": {"execution_time": 0.3927774429321289, "passed": true}, "1": {"execution_time": 0.32868409156799316, "passed": true}, "2": {"execution_time": 0.38066959381103516, "passed": true}, "3": {"execution_time": 0.41114044189453125, "passed": true}, "4": {"execution_time": 0.6470420360565186, "passed": true}, "5": {"execution_time": 0.3068249225616455, "passed": true}, "6": {"execution_time": 0.3073563575744629, "passed": true}, "7": {"execution_time": 0.4092562198638916, "passed": true}, "8": {"execution_time": 0.34394025802612305, "passed": true}, "9": {"execution_time": 0.2738502025604248, "passed": true}, "10": {"execution_time": 0.3248140811920166, "passed": true}, "11": {"execution_time": 0.32181739807128906, "passed": true}, "12": {"execution_time": 0.38076162338256836, "passed": true}, "13": {"execution_time": 1.664045810699463, "passed": true}, "14": {"execution_time": 0.34780287742614746, "passed": true}}}, "check_style_score": "0/1"}