{"version": "1", "message": "ERROR: Hidden Testcases server unreachable.", "problem_id": "ads2_m4_a1_1", "user_id": "viswasvarmasatya", "score": {"sample": {"0": {"execution_time": 0.2923929691314697, "passed": false}, "1": {"execution_time": 0.42003512382507324, "passed": true}, "2": {"execution_time": 0.3848586082458496, "passed": true}, "3": {"execution_time": 0.6272838115692139, "passed": true}, "4": {"execution_time": 0.4437432289123535, "passed": true}, "5": {"execution_time": 0.31581902503967285, "passed": true}, "6": {"execution_time": 0.4154236316680908, "passed": true}, "7": {"execution_time": 0.3028280735015869, "passed": true}, "8": {"execution_time": 0.2888340950012207, "passed": false}, "9": {"execution_time": 0.42812681198120117, "passed": true}, "10": {"execution_time": 0.3766613006591797, "passed": true}, "11": {"execution_time": 0.3860297203063965, "passed": true}, "12": {"execution_time": 0.27983856201171875, "passed": true}, "13": {"execution_time": 1.622664213180542, "passed": true}, "14": {"execution_time": 0.2746901512145996, "passed": true}}}, "check_style_score": "0/1"}