{"version": "1", "message": "ERROR: Hidden Testcases server unreachable.", "problem_id": "ads2_m4_a1_1", "user_id": "viswasvarmasatya", "score": {"sample": {"0": {"execution_time": 0.34386253356933594, "passed": true}, "1": {"execution_time": 0.47281408309936523, "passed": true}, "2": {"execution_time": 0.4416966438293457, "passed": true}, "3": {"execution_time": 0.41176533699035645, "passed": true}, "4": {"execution_time": 0.30017685890197754, "passed": true}, "5": {"execution_time": 0.3068258762359619, "passed": true}, "6": {"execution_time": 0.3153507709503174, "passed": true}, "7": {"execution_time": 0.4612905979156494, "passed": true}, "8": {"execution_time": 0.32788515090942383, "passed": true}, "9": {"execution_time": 0.27237510681152344, "passed": true}, "10": {"execution_time": 0.28207993507385254, "passed": true}, "11": {"execution_time": 0.2828383445739746, "passed": true}, "12": {"execution_time": 0.2748422622680664, "passed": true}, "13": {"execution_time": 1.6260690689086914, "passed": true}, "14": {"execution_time": 0.29346179962158203, "passed": true}}}, "check_style_score": "0/1"}