{"version": "1", "message": "ERROR: Hidden Testcases server unreachable.", "problem_id": "ads2_m4_a1_1", "user_id": "viswasvarmasatya", "score": {"sample": {"0": {"execution_time": 1.115206003189087, "passed": true}, "1": {"execution_time": 0.4785730838775635, "passed": true}, "2": {"execution_time": 0.4009513854980469, "passed": true}, "3": {"execution_time": 0.42905592918395996, "passed": true}, "4": {"execution_time": 0.31182336807250977, "passed": true}, "5": {"execution_time": 0.3165140151977539, "passed": true}, "6": {"execution_time": 0.3014945983886719, "passed": true}, "7": {"execution_time": 0.30485010147094727, "passed": true}, "8": {"execution_time": 0.3288111686706543, "passed": true}, "9": {"execution_time": 0.2949802875518799, "passed": true}, "10": {"execution_time": 0.26984548568725586, "passed": true}, "11": {"execution_time": 0.2788412570953369, "passed": true}, "12": {"execution_time": 0.2882695198059082, "passed": true}, "13": {"execution_time": 1.9948115348815918, "passed": true}, "14": {"execution_time": 0.3398144245147705, "passed": true}}}, "check_style_score": "0/1"}