{"version": "1", "message": "ERROR: Hidden Testcases server unreachable.", "problem_id": "ads2_m4_a1_1", "user_id": "viswasvarmasatya", "score": {"sample": {"0": {"execution_time": 0.35979557037353516, "passed": false}, "1": {"execution_time": 0.32764482498168945, "passed": true}, "2": {"execution_time": 0.3678138256072998, "passed": true}, "3": {"execution_time": 0.38787317276000977, "passed": true}, "4": {"execution_time": 0.3548624515533447, "passed": true}, "5": {"execution_time": 0.36280155181884766, "passed": true}, "6": {"execution_time": 0.373079776763916, "passed": true}, "7": {"execution_time": 0.3208191394805908, "passed": true}, "8": {"execution_time": 0.27584195137023926, "passed": false}, "9": {"execution_time": 0.27190089225769043, "passed": true}, "10": {"execution_time": 0.28383779525756836, "passed": true}, "11": {"execution_time": 0.2729976177215576, "passed": true}, "12": {"execution_time": 0.284839391708374, "passed": true}, "13": {"execution_time": 1.7729730606079102, "passed": true}, "14": {"execution_time": 0.28246331214904785, "passed": true}}}, "check_style_score": "1/1"}