{"version": "1", "message": "ERROR: Hidden Testcases server unreachable.", "problem_id": "ads2_m4_a1_1", "user_id": "viswasvarmasatya", "score": {"sample": {"0": {"execution_time": 0.3452606201171875, "passed": true}, "1": {"execution_time": 0.3387904167175293, "passed": true}, "2": {"execution_time": 0.3833448886871338, "passed": true}, "3": {"execution_time": 0.45036888122558594, "passed": true}, "4": {"execution_time": 0.30835533142089844, "passed": true}, "5": {"execution_time": 0.3587949275970459, "passed": true}, "6": {"execution_time": 0.3428189754486084, "passed": true}, "7": {"execution_time": 0.292924165725708, "passed": true}, "8": {"execution_time": 0.3539559841156006, "passed": true}, "9": {"execution_time": 0.28583693504333496, "passed": true}, "10": {"execution_time": 0.2834622859954834, "passed": true}, "11": {"execution_time": 0.6540083885192871, "passed": true}, "12": {"execution_time": 0.26486682891845703, "passed": true}, "13": {"execution_time": 1.6580784320831299, "passed": true}, "14": {"execution_time": 0.301283597946167, "passed": true}}}, "check_style_score": "0/1"}