{"version": "1", "message": "ERROR: Hidden Testcases server unreachable.", "problem_id": "ads2_m4_a1_1", "user_id": "lakshmipraneetha4", "score": {"sample": {"0": {"execution_time": 0.4071471691131592, "passed": true}, "1": {"execution_time": 1.3043999671936035, "passed": true}, "2": {"execution_time": 1.1816248893737793, "passed": true}, "3": {"execution_time": 1.3149707317352295, "passed": true}, "4": {"execution_time": 1.39137601852417, "passed": true}, "5": {"execution_time": 1.142519474029541, "passed": true}, "6": {"execution_time": 1.2848775386810303, "passed": true}, "7": {"execution_time": 1.5696189403533936, "passed": true}, "8": {"execution_time": 0.3109705448150635, "passed": true}, "9": {"execution_time": 0.3516845703125, "passed": true}, "10": {"execution_time": 0.34882616996765137, "passed": true}, "11": {"execution_time": 0.2794318199157715, "passed": true}, "12": {"execution_time": 1.5791778564453125, "passed": true}, "13": {"execution_time": 1.6801185607910156, "passed": true}, "14": {"execution_time": 0.3332657814025879, "passed": true}}}, "check_style_score": "1/1"}