{"version": "1", "message": "ERROR: Hidden Testcases server unreachable.", "problem_id": "ads2_m4_a1_1", "user_id": "viswasvarmasatya", "score": {"sample": {"0": {"execution_time": 0.34482812881469727, "passed": true}, "1": {"execution_time": 0.33094191551208496, "passed": true}, "2": {"execution_time": 0.3738284111022949, "passed": true}, "3": {"execution_time": 0.39293360710144043, "passed": true}, "4": {"execution_time": 0.3159787654876709, "passed": true}, "5": {"execution_time": 0.31382155418395996, "passed": true}, "6": {"execution_time": 0.29982829093933105, "passed": true}, "7": {"execution_time": 0.3008284568786621, "passed": true}, "8": {"execution_time": 0.32514333724975586, "passed": true}, "9": {"execution_time": 0.2768433094024658, "passed": true}, "10": {"execution_time": 0.2758777141571045, "passed": true}, "11": {"execution_time": 0.2928884029388428, "passed": true}, "12": {"execution_time": 0.2718842029571533, "passed": true}, "13": {"execution_time": 1.6031057834625244, "passed": true}, "14": {"execution_time": 0.28000950813293457, "passed": true}}}, "check_style_score": "0/1"}