{"version": "1", "message": "ERROR: Hidden Testcases server unreachable.", "problem_id": "ads2_m4_a1_1", "user_id": "viswasvarmasatya", "score": {"sample": {"0": {"execution_time": 0.31182193756103516, "passed": false}, "1": {"execution_time": 0.34586119651794434, "passed": true}, "2": {"execution_time": 0.4177694320678711, "passed": true}, "3": {"execution_time": 0.4922020435333252, "passed": true}, "4": {"execution_time": 0.3727869987487793, "passed": true}, "5": {"execution_time": 0.30788373947143555, "passed": true}, "6": {"execution_time": 0.30182933807373047, "passed": true}, "7": {"execution_time": 0.30843400955200195, "passed": true}, "8": {"execution_time": 0.27784228324890137, "passed": false}, "9": {"execution_time": 0.27881741523742676, "passed": true}, "10": {"execution_time": 0.2759816646575928, "passed": true}, "11": {"execution_time": 0.2741060256958008, "passed": true}, "12": {"execution_time": 0.4016990661621094, "passed": true}, "13": {"execution_time": 1.663048267364502, "passed": true}, "14": {"execution_time": 0.2838459014892578, "passed": true}}}, "check_style_score": "0/1"}