{"version": "1", "message": "ERROR: Hidden Testcases server unreachable.", "problem_id": "ads2_m16_a1_1", "user_id": "viswasvarmasatya", "score": {"sample": {"0": {"execution_time": 1.766057014465332, "passed": false}, "1": {"execution_time": 1.8763203620910645, "passed": false}, "2": {"execution_time": 2.3646762371063232, "passed": false}, "3": {"execution_time": 2.440244674682617, "passed": false}, "4": {"execution_time": 2.4527711868286133, "passed": false}, "5": {"execution_time": 2.6684980392456055, "passed": false}, "6": {"execution_time": 2.6695642471313477, "passed": false}, "7": {"execution_time": 2.459282636642456, "passed": false}, "8": {"execution_time": 2.2567038536071777, "passed": false}, "9": {"execution_time": 1.054884672164917, "passed": false}, "10": {"execution_time": 0.9333696365356445, "passed": false}, "11": {"execution_time": 10.226128339767456, "passed": false}, "12": {"execution_time": 3.5119833946228027, "passed": false}, "13": {"execution_time": 1.9858620166778564, "passed": true}, "14": {"execution_time": 1.0823795795440674, "passed": false}, "15": {"execution_time": 10.090206146240234, "passed": false}, "16": {"execution_time": 2.0488219261169434, "passed": false}, "17": {"execution_time": 2.33465838432312, "passed": false}, "18": {"execution_time": 2.0868337154388428, "passed": false}, "19": {"execution_time": 10.0268394947052, "passed": false}, "20": {"execution_time": 10.025994777679443, "passed": false}, "21": {"execution_time": 0.4677307605743408, "passed": false}, "22": {"execution_time": 0.45323896408081055, "passed": false}, "23": {"execution_time": 10.03338885307312, "passed": false}, "24": {"execution_time": 1.571176290512085, "passed": true}, "25": {"execution_time": 10.062161922454834, "passed": false}, "26": {"execution_time": 10.04455018043518, "passed": false}, "27": {"execution_time": 10.067368507385254, "passed": false}, "28": {"execution_time": 10.10857605934143, "passed": false}, "29": {"execution_time": 0.43808674812316895, "passed": false}}}, "check_style_score": "0/1"}