{"version": "1", "message": "ERROR: Hidden Testcases server unreachable.", "problem_id": "ads2_m16_a1_1", "user_id": "viswasvarmasatya", "score": {"sample": {"0": {"execution_time": 1.8290252685546875, "passed": false}, "1": {"execution_time": 1.8946192264556885, "passed": false}, "2": {"execution_time": 2.36478328704834, "passed": false}, "3": {"execution_time": 2.4087588787078857, "passed": false}, "4": {"execution_time": 2.487945079803467, "passed": false}, "5": {"execution_time": 2.5140504837036133, "passed": false}, "6": {"execution_time": 2.4966201782226562, "passed": false}, "7": {"execution_time": 2.5498101711273193, "passed": false}, "8": {"execution_time": 1.8839178085327148, "passed": false}, "9": {"execution_time": 0.8715670108795166, "passed": false}, "10": {"execution_time": 1.0723557472229004, "passed": false}, "11": {"execution_time": 10.384039640426636, "passed": false}, "12": {"execution_time": 2.59049654006958, "passed": false}, "13": {"execution_time": 1.616455316543579, "passed": true}, "14": {"execution_time": 0.9394841194152832, "passed": false}, "15": {"execution_time": 10.066923141479492, "passed": false}, "16": {"execution_time": 1.7710516452789307, "passed": false}, "17": {"execution_time": 1.825671911239624, "passed": false}, "18": {"execution_time": 1.7723851203918457, "passed": false}, "19": {"execution_time": 10.027315378189087, "passed": false}, "20": {"execution_time": 10.02457880973816, "passed": false}, "21": {"execution_time": 0.46746277809143066, "passed": false}, "22": {"execution_time": 0.46082234382629395, "passed": false}, "23": {"execution_time": 10.0293869972229, "passed": false}, "24": {"execution_time": 1.5386807918548584, "passed": true}, "25": {"execution_time": 10.075303554534912, "passed": false}, "26": {"execution_time": 10.042437314987183, "passed": false}, "27": {"execution_time": 10.077802181243896, "passed": false}, "28": {"execution_time": 10.143889427185059, "passed": false}, "29": {"execution_time": 0.31781816482543945, "passed": false}}}, "check_style_score": "0/1"}