{"version": "1", "message": "ERROR: Hidden Testcases server unreachable.", "problem_id": "ads2_m16_a1_1", "user_id": "chinuteja", "score": {"sample": {"0": {"execution_time": 1.7654945850372314, "passed": false}, "1": {"execution_time": 1.8084754943847656, "passed": false}, "2": {"execution_time": 2.2297441959381104, "passed": true}, "3": {"execution_time": 2.36875057220459, "passed": false}, "4": {"execution_time": 2.2377898693084717, "passed": false}, "5": {"execution_time": 1.998537302017212, "passed": false}, "6": {"execution_time": 2.038466453552246, "passed": false}, "7": {"execution_time": 2.1293060779571533, "passed": false}, "8": {"execution_time": 1.8859572410583496, "passed": false}, "9": {"execution_time": 0.7529857158660889, "passed": true}, "10": {"execution_time": 0.9753909111022949, "passed": false}, "11": {"execution_time": 10.1688072681427, "passed": false}, "12": {"execution_time": 2.4534380435943604, "passed": false}, "13": {"execution_time": 1.4950017929077148, "passed": true}, "14": {"execution_time": 1.0043144226074219, "passed": true}, "15": {"execution_time": 10.220664024353027, "passed": false}, "16": {"execution_time": 1.71909761428833, "passed": false}, "17": {"execution_time": 1.6271898746490479, "passed": false}, "18": {"execution_time": 1.9129884243011475, "passed": false}, "19": {"execution_time": 10.040676832199097, "passed": false}, "20": {"execution_time": 10.037912607192993, "passed": false}, "21": {"execution_time": 0.438309907913208, "passed": true}, "22": {"execution_time": 0.42386603355407715, "passed": true}, "23": {"execution_time": 10.02611756324768, "passed": false}, "24": {"execution_time": 1.3364593982696533, "passed": true}, "25": {"execution_time": 10.085709571838379, "passed": false}, "26": {"execution_time": 10.03994083404541, "passed": false}, "27": {"execution_time": 10.06400179862976, "passed": false}, "28": {"execution_time": 10.115177631378174, "passed": false}, "29": {"execution_time": 0.2502477169036865, "passed": false}}}, "check_style_score": "1/1"}