{"version": "1", "message": "ERROR: Hidden Testcases server unreachable.", "problem_id": "ads2_m16_a1_1", "user_id": "viswasvarmasatya", "score": {"sample": {"0": {"execution_time": 1.8072164058685303, "passed": false}, "1": {"execution_time": 1.9398000240325928, "passed": false}, "2": {"execution_time": 2.487037420272827, "passed": false}, "3": {"execution_time": 2.5208680629730225, "passed": false}, "4": {"execution_time": 2.5578413009643555, "passed": false}, "5": {"execution_time": 2.5935380458831787, "passed": false}, "6": {"execution_time": 2.5246105194091797, "passed": false}, "7": {"execution_time": 2.9553020000457764, "passed": false}, "8": {"execution_time": 2.3336613178253174, "passed": false}, "9": {"execution_time": 1.0365092754364014, "passed": false}, "10": {"execution_time": 0.9188804626464844, "passed": false}, "11": {"execution_time": 10.360684871673584, "passed": false}, "12": {"execution_time": 2.9039103984832764, "passed": false}, "13": {"execution_time": 1.6061522960662842, "passed": true}, "14": {"execution_time": 0.9515454769134521, "passed": false}, "15": {"execution_time": 10.064162731170654, "passed": false}, "16": {"execution_time": 1.8743515014648438, "passed": false}, "17": {"execution_time": 1.8450028896331787, "passed": false}, "18": {"execution_time": 1.8214240074157715, "passed": false}, "19": {"execution_time": 10.029720783233643, "passed": false}, "20": {"execution_time": 10.025667428970337, "passed": false}, "21": {"execution_time": 0.4707827568054199, "passed": false}, "22": {"execution_time": 0.4688870906829834, "passed": false}, "23": {"execution_time": 10.031132221221924, "passed": false}, "24": {"execution_time": 1.637953281402588, "passed": true}, "25": {"execution_time": 10.065523147583008, "passed": false}, "26": {"execution_time": 10.058144330978394, "passed": false}, "27": {"execution_time": 10.065506935119629, "passed": false}, "28": {"execution_time": 10.114821910858154, "passed": false}, "29": {"execution_time": 0.5483283996582031, "passed": false}}}, "check_style_score": "0/1"}