{"version": "1", "message": "ERROR: Hidden Testcases server unreachable.", "problem_id": "ads2_m16_a1_1", "user_id": "viswasvarmasatya", "score": {"sample": {"0": {"execution_time": 0.30814027786254883, "passed": false}, "1": {"execution_time": 0.3016841411590576, "passed": false}, "2": {"execution_time": 0.5472447872161865, "passed": false}, "3": {"execution_time": 0.5697095394134521, "passed": false}, "4": {"execution_time": 0.5487422943115234, "passed": false}, "5": {"execution_time": 0.5446882247924805, "passed": false}, "6": {"execution_time": 0.5513663291931152, "passed": false}, "7": {"execution_time": 0.5574333667755127, "passed": false}, "8": {"execution_time": 0.3569331169128418, "passed": false}, "9": {"execution_time": 0.5456867218017578, "passed": false}, "10": {"execution_time": 0.5431387424468994, "passed": false}, "11": {"execution_time": 0.27604174613952637, "passed": false}, "12": {"execution_time": 0.5426852703094482, "passed": false}, "13": {"execution_time": 0.274505615234375, "passed": false}, "14": {"execution_time": 0.6736140251159668, "passed": false}, "15": {"execution_time": 0.5556964874267578, "passed": false}, "16": {"execution_time": 0.38078975677490234, "passed": false}, "17": {"execution_time": 0.35519909858703613, "passed": false}, "18": {"execution_time": 0.5408718585968018, "passed": false}, "19": {"execution_time": 0.6051483154296875, "passed": false}, "20": {"execution_time": 0.33023595809936523, "passed": false}, "21": {"execution_time": 0.3448963165283203, "passed": false}, "22": {"execution_time": 0.3518552780151367, "passed": false}, "23": {"execution_time": 0.3528609275817871, "passed": false}, "24": {"execution_time": 0.2688169479370117, "passed": false}, "25": {"execution_time": 0.5486891269683838, "passed": false}, "26": {"execution_time": 0.48133254051208496, "passed": false}, "27": {"execution_time": 0.5337302684783936, "passed": false}, "28": {"execution_time": 0.6466310024261475, "passed": false}, "29": {"execution_time": 0.33034372329711914, "passed": false}}}, "check_style_score": "0/1"}