{"version": "1", "message": "ERROR: Hidden Testcases server unreachable.", "problem_id": "ads2_m16_a1_1", "user_id": "viswasvarmasatya", "score": {"sample": {"0": {"execution_time": 0.35283827781677246, "passed": false}, "1": {"execution_time": 0.3238844871520996, "passed": false}, "2": {"execution_time": 0.7114856243133545, "passed": false}, "3": {"execution_time": 0.6877822875976562, "passed": false}, "4": {"execution_time": 0.7090239524841309, "passed": false}, "5": {"execution_time": 0.5966577529907227, "passed": false}, "6": {"execution_time": 0.739619255065918, "passed": false}, "7": {"execution_time": 0.791593074798584, "passed": false}, "8": {"execution_time": 0.3892943859100342, "passed": false}, "9": {"execution_time": 0.5896618366241455, "passed": false}, "10": {"execution_time": 0.6806693077087402, "passed": false}, "11": {"execution_time": 0.34210634231567383, "passed": false}, "12": {"execution_time": 0.7956972122192383, "passed": false}, "13": {"execution_time": 0.31212401390075684, "passed": false}, "14": {"execution_time": 0.630476713180542, "passed": false}, "15": {"execution_time": 0.7795624732971191, "passed": false}, "16": {"execution_time": 0.45749974250793457, "passed": false}, "17": {"execution_time": 0.516477108001709, "passed": false}, "18": {"execution_time": 0.40690064430236816, "passed": false}, "19": {"execution_time": 0.5256810188293457, "passed": false}, "20": {"execution_time": 0.3826179504394531, "passed": false}, "21": {"execution_time": 0.3985750675201416, "passed": false}, "22": {"execution_time": 0.3999495506286621, "passed": false}, "23": {"execution_time": 0.41269826889038086, "passed": false}, "24": {"execution_time": 0.30501389503479004, "passed": false}, "25": {"execution_time": 0.6386358737945557, "passed": false}, "26": {"execution_time": 0.5488150119781494, "passed": false}, "27": {"execution_time": 0.6550641059875488, "passed": false}, "28": {"execution_time": 1.1284582614898682, "passed": false}, "29": {"execution_time": 0.737743616104126, "passed": false}}}, "check_style_score": "0/1"}