{"version": "1", "message": "ERROR: Hidden Testcases server unreachable.", "problem_id": "ads2_m16_a1_1", "user_id": "viswasvarmasatya", "score": {"sample": {"0": {"execution_time": 0.3337693214416504, "passed": false}, "1": {"execution_time": 0.31690311431884766, "passed": false}, "2": {"execution_time": 0.5766925811767578, "passed": false}, "3": {"execution_time": 0.5347344875335693, "passed": false}, "4": {"execution_time": 0.5616767406463623, "passed": false}, "5": {"execution_time": 0.5603129863739014, "passed": false}, "6": {"execution_time": 0.5646982192993164, "passed": false}, "7": {"execution_time": 0.5536835193634033, "passed": false}, "8": {"execution_time": 0.3592803478240967, "passed": false}, "9": {"execution_time": 0.5566821098327637, "passed": false}, "10": {"execution_time": 0.5557010173797607, "passed": false}, "11": {"execution_time": 0.2727351188659668, "passed": false}, "12": {"execution_time": 0.5546791553497314, "passed": false}, "13": {"execution_time": 0.29584550857543945, "passed": false}, "14": {"execution_time": 0.555680513381958, "passed": false}, "15": {"execution_time": 0.5477135181427002, "passed": false}, "16": {"execution_time": 0.34041261672973633, "passed": false}, "17": {"execution_time": 0.3762197494506836, "passed": false}, "18": {"execution_time": 0.35179781913757324, "passed": false}, "19": {"execution_time": 0.3658440113067627, "passed": false}, "20": {"execution_time": 0.3343164920806885, "passed": false}, "21": {"execution_time": 0.3508286476135254, "passed": false}, "22": {"execution_time": 0.36087822914123535, "passed": false}, "23": {"execution_time": 0.36287569999694824, "passed": false}, "24": {"execution_time": 0.2728455066680908, "passed": false}, "25": {"execution_time": 0.5666728019714355, "passed": false}, "26": {"execution_time": 0.5028257369995117, "passed": false}, "27": {"execution_time": 0.6072452068328857, "passed": false}, "28": {"execution_time": 0.7647862434387207, "passed": false}, "29": {"execution_time": 0.318878173828125, "passed": false}}}, "check_style_score": "0/1"}