{"version": "1", "message": "ERROR: Hidden Testcases server unreachable.", "problem_id": "ads2_m16_a1_1", "user_id": "viswasvarmasatya", "score": {"sample": {"0": {"execution_time": 0.6601467132568359, "passed": false}, "1": {"execution_time": 0.37183523178100586, "passed": false}, "2": {"execution_time": 0.8850018978118896, "passed": false}, "3": {"execution_time": 0.8205275535583496, "passed": false}, "4": {"execution_time": 0.8708853721618652, "passed": false}, "5": {"execution_time": 0.8136274814605713, "passed": false}, "6": {"execution_time": 1.0221459865570068, "passed": false}, "7": {"execution_time": 0.8129229545593262, "passed": false}, "8": {"execution_time": 0.4622173309326172, "passed": false}, "9": {"execution_time": 0.8315231800079346, "passed": false}, "10": {"execution_time": 0.8485128879547119, "passed": false}, "11": {"execution_time": 0.3605804443359375, "passed": false}, "12": {"execution_time": 0.8185298442840576, "passed": false}, "13": {"execution_time": 0.36922764778137207, "passed": true}, "14": {"execution_time": 0.8575141429901123, "passed": false}, "15": {"execution_time": 0.8525373935699463, "passed": false}, "16": {"execution_time": 0.4509890079498291, "passed": false}, "17": {"execution_time": 0.4267885684967041, "passed": false}, "18": {"execution_time": 0.44174742698669434, "passed": false}, "19": {"execution_time": 0.38577795028686523, "passed": false}, "20": {"execution_time": 0.4227569103240967, "passed": false}, "21": {"execution_time": 0.4028289318084717, "passed": false}, "22": {"execution_time": 0.40886425971984863, "passed": false}, "23": {"execution_time": 0.40479254722595215, "passed": false}, "24": {"execution_time": 0.3018026351928711, "passed": true}, "25": {"execution_time": 0.8905467987060547, "passed": false}, "26": {"execution_time": 1.6124134063720703, "passed": false}, "27": {"execution_time": 1.5042939186096191, "passed": false}, "28": {"execution_time": 1.6178672313690186, "passed": false}, "29": {"execution_time": 0.5824856758117676, "passed": false}}}, "check_style_score": "0/1"}