{"version": "1", "message": "ERROR: Hidden Testcases server unreachable.", "problem_id": "ads2_m16_a1_1", "user_id": "viswasvarmasatya", "score": {"sample": {"0": {"execution_time": 0.8603317737579346, "passed": false}, "1": {"execution_time": 0.30516767501831055, "passed": false}, "2": {"execution_time": 0.5708215236663818, "passed": false}, "3": {"execution_time": 0.5729949474334717, "passed": false}, "4": {"execution_time": 0.5366940498352051, "passed": false}, "5": {"execution_time": 0.6254749298095703, "passed": false}, "6": {"execution_time": 0.5527336597442627, "passed": false}, "7": {"execution_time": 0.5477230548858643, "passed": false}, "8": {"execution_time": 0.5566136837005615, "passed": false}, "9": {"execution_time": 0.559220552444458, "passed": false}, "10": {"execution_time": 0.5646560192108154, "passed": false}, "11": {"execution_time": 0.3884108066558838, "passed": false}, "12": {"execution_time": 0.5523028373718262, "passed": false}, "13": {"execution_time": 0.31412434577941895, "passed": false}, "14": {"execution_time": 0.5567359924316406, "passed": false}, "15": {"execution_time": 0.5617380142211914, "passed": false}, "16": {"execution_time": 0.47213172912597656, "passed": false}, "17": {"execution_time": 0.35271763801574707, "passed": false}, "18": {"execution_time": 0.35085368156433105, "passed": false}, "19": {"execution_time": 0.5163764953613281, "passed": false}, "20": {"execution_time": 0.35687804222106934, "passed": false}, "21": {"execution_time": 0.34590935707092285, "passed": false}, "22": {"execution_time": 0.3398628234863281, "passed": false}, "23": {"execution_time": 0.35504603385925293, "passed": false}, "24": {"execution_time": 0.2778756618499756, "passed": false}, "25": {"execution_time": 0.5450215339660645, "passed": false}, "26": {"execution_time": 0.6201729774475098, "passed": false}, "27": {"execution_time": 0.6220521926879883, "passed": false}, "28": {"execution_time": 1.0330371856689453, "passed": false}, "29": {"execution_time": 0.5562748908996582, "passed": false}}}, "check_style_score": "0/1"}