{"version": "1", "message": "ERROR: Hidden Testcases server unreachable.", "problem_id": "ads2_m16_a1_1", "user_id": "viswasvarmasatya", "score": {"sample": {"0": {"execution_time": 0.4057652950286865, "passed": false}, "1": {"execution_time": 0.4436371326446533, "passed": false}, "2": {"execution_time": 0.6239051818847656, "passed": false}, "3": {"execution_time": 0.5306928157806396, "passed": false}, "4": {"execution_time": 0.5651843547821045, "passed": false}, "5": {"execution_time": 0.5420668125152588, "passed": false}, "6": {"execution_time": 0.623661994934082, "passed": false}, "7": {"execution_time": 0.5139219760894775, "passed": false}, "8": {"execution_time": 0.35982203483581543, "passed": false}, "9": {"execution_time": 0.549752950668335, "passed": false}, "10": {"execution_time": 0.7095315456390381, "passed": false}, "11": {"execution_time": 0.26425647735595703, "passed": false}, "12": {"execution_time": 0.5567669868469238, "passed": false}, "13": {"execution_time": 0.2928938865661621, "passed": false}, "14": {"execution_time": 0.5517032146453857, "passed": false}, "15": {"execution_time": 0.5694789886474609, "passed": false}, "16": {"execution_time": 0.3598592281341553, "passed": false}, "17": {"execution_time": 0.4167625904083252, "passed": false}, "18": {"execution_time": 0.32796812057495117, "passed": false}, "19": {"execution_time": 0.36581873893737793, "passed": false}, "20": {"execution_time": 0.3352198600769043, "passed": false}, "21": {"execution_time": 0.3579282760620117, "passed": false}, "22": {"execution_time": 0.4613051414489746, "passed": false}, "23": {"execution_time": 0.41296863555908203, "passed": false}, "24": {"execution_time": 0.26776552200317383, "passed": false}, "25": {"execution_time": 0.5407135486602783, "passed": false}, "26": {"execution_time": 0.5424361228942871, "passed": false}, "27": {"execution_time": 0.5376913547515869, "passed": false}, "28": {"execution_time": 0.6530585289001465, "passed": false}, "29": {"execution_time": 0.334888219833374, "passed": false}}}, "check_style_score": "0/1"}