{"version": "1", "message": "ERROR: Hidden Testcases server unreachable.", "problem_id": "ads2_m16_a1_1", "user_id": "viswasvarmasatya", "score": {"sample": {"0": {"execution_time": 0.34486961364746094, "passed": false}, "1": {"execution_time": 0.3159217834472656, "passed": false}, "2": {"execution_time": 0.572669267654419, "passed": false}, "3": {"execution_time": 0.5557048320770264, "passed": false}, "4": {"execution_time": 0.5487082004547119, "passed": false}, "5": {"execution_time": 0.55470871925354, "passed": false}, "6": {"execution_time": 0.6207599639892578, "passed": false}, "7": {"execution_time": 0.5477287769317627, "passed": false}, "8": {"execution_time": 0.3607916831970215, "passed": false}, "9": {"execution_time": 0.6747658252716064, "passed": false}, "10": {"execution_time": 0.5426907539367676, "passed": false}, "11": {"execution_time": 0.26154017448425293, "passed": false}, "12": {"execution_time": 0.5437114238739014, "passed": false}, "13": {"execution_time": 0.2900736331939697, "passed": false}, "14": {"execution_time": 0.5676734447479248, "passed": false}, "15": {"execution_time": 0.5566823482513428, "passed": false}, "16": {"execution_time": 0.3468308448791504, "passed": false}, "17": {"execution_time": 0.3558790683746338, "passed": false}, "18": {"execution_time": 0.355910062789917, "passed": false}, "19": {"execution_time": 0.35881733894348145, "passed": false}, "20": {"execution_time": 0.34588170051574707, "passed": false}, "21": {"execution_time": 0.3608231544494629, "passed": false}, "22": {"execution_time": 0.3418734073638916, "passed": false}, "23": {"execution_time": 0.34380125999450684, "passed": false}, "24": {"execution_time": 0.2749216556549072, "passed": false}, "25": {"execution_time": 0.5507354736328125, "passed": false}, "26": {"execution_time": 0.48482704162597656, "passed": false}, "27": {"execution_time": 0.5539975166320801, "passed": false}, "28": {"execution_time": 0.697056770324707, "passed": false}, "29": {"execution_time": 0.34486961364746094, "passed": false}}}, "check_style_score": "0/1"}