{"version": "1", "message": "ERROR: Hidden Testcases server unreachable.", "problem_id": "ads2_m16_a1_1", "user_id": "viswasvarmasatya", "score": {"sample": {"0": {"execution_time": 0.6816596984863281, "passed": true}, "1": {"execution_time": 0.4162611961364746, "passed": true}, "2": {"execution_time": 1.1250829696655273, "passed": true}, "3": {"execution_time": 0.9255518913269043, "passed": true}, "4": {"execution_time": 0.9077179431915283, "passed": true}, "5": {"execution_time": 0.8975160121917725, "passed": true}, "6": {"execution_time": 0.9595372676849365, "passed": true}, "7": {"execution_time": 1.1581153869628906, "passed": true}, "8": {"execution_time": 0.9670484066009521, "passed": true}, "9": {"execution_time": 1.212001085281372, "passed": true}, "10": {"execution_time": 1.175541877746582, "passed": true}, "11": {"execution_time": 3.425960063934326, "passed": true}, "12": {"execution_time": 1.6530532836914062, "passed": true}, "13": {"execution_time": 1.0292198657989502, "passed": true}, "14": {"execution_time": 1.4601633548736572, "passed": true}, "15": {"execution_time": 1.4555952548980713, "passed": true}, "16": {"execution_time": 1.1869940757751465, "passed": true}, "17": {"execution_time": 0.7885479927062988, "passed": true}, "18": {"execution_time": 0.5384848117828369, "passed": true}, "19": {"execution_time": 0.615673303604126, "passed": true}, "20": {"execution_time": 0.7546710968017578, "passed": true}, "21": {"execution_time": 0.5085258483886719, "passed": true}, "22": {"execution_time": 0.8285262584686279, "passed": true}, "23": {"execution_time": 0.5649492740631104, "passed": true}, "24": {"execution_time": 0.5526812076568604, "passed": true}, "25": {"execution_time": 1.3084731101989746, "passed": true}, "26": {"execution_time": 1.183103322982788, "passed": true}, "27": {"execution_time": 1.1783270835876465, "passed": true}, "28": {"execution_time": 1.7928426265716553, "passed": true}, "29": {"execution_time": 0.30984020233154297, "passed": true}}}, "check_style_score": "1/1"}