{"version": "1", "message": "ERROR: Hidden Testcases server unreachable.", "problem_id": "ads2_m16_a1_1", "user_id": "saitejasedate", "score": {"sample": {"0": {"execution_time": 0.9934332370758057, "passed": true}, "1": {"execution_time": 0.9794399738311768, "passed": true}, "2": {"execution_time": 1.9308960437774658, "passed": true}, "3": {"execution_time": 1.3952040672302246, "passed": true}, "4": {"execution_time": 1.3972036838531494, "passed": true}, "5": {"execution_time": 1.542771339416504, "passed": true}, "6": {"execution_time": 1.5511128902435303, "passed": true}, "7": {"execution_time": 1.9229016304016113, "passed": true}, "8": {"execution_time": 0.9884359836578369, "passed": true}, "9": {"execution_time": 1.3622448444366455, "passed": true}, "10": {"execution_time": 1.3352344036102295, "passed": true}, "11": {"execution_time": 4.587887287139893, "passed": true}, "12": {"execution_time": 1.5041389465332031, "passed": true}, "13": {"execution_time": 0.7755556106567383, "passed": true}, "14": {"execution_time": 1.4461722373962402, "passed": true}, "15": {"execution_time": 1.4151942729949951, "passed": true}, "16": {"execution_time": 0.6596219539642334, "passed": true}, "17": {"execution_time": 0.8445169925689697, "passed": true}, "18": {"execution_time": 0.9024839401245117, "passed": true}, "19": {"execution_time": 0.6776156425476074, "passed": true}, "20": {"execution_time": 0.6796116828918457, "passed": true}, "21": {"execution_time": 0.625664472579956, "passed": true}, "22": {"execution_time": 0.637660026550293, "passed": true}, "23": {"execution_time": 0.6536686420440674, "passed": true}, "24": {"execution_time": 0.4518086910247803, "passed": true}, "25": {"execution_time": 1.3382346630096436, "passed": true}, "26": {"execution_time": 1.1583383083343506, "passed": true}, "27": {"execution_time": 1.8139634132385254, "passed": true}, "28": {"execution_time": 2.9093375205993652, "passed": true}, "29": {"execution_time": 0.4207596778869629, "passed": true}}}, "check_style_score": "1/1"}